n,Coverage,Mean_Width,True_Width
500,0.996,0.9562124096291945,0.96
2000,1.0,0.9606592756799566,0.96
10000,1.0,0.9614714080760455,0.96
50000,1.0,0.9598198617722185,0.96
